,date,headline,url,source,summary
0,20240629200000,Does Apple Have an Ecosystem Edge? Why Savvy Investors Will Tap Into the Tech Giant's Comprehensive Growth Strategy,https://finnhub.io/api/news?id=98fc5eeed51f51671f4861f85aa011136974dda56729148324e726c4283785cd,Yahoo,Apple has an advantage that will allow it to benefit from AI tech with less investment risk.
1,20240629205815,The U.S. State with the Fastest-Growing Economy,https://finnhub.io/api/news?id=1b2a9a2fa1e7f0210abc98dcb538b0f917d4a338a979f61a2ce71e1b8b795df7,Yahoo,"In this article, we will take a look at the U.S. State with the Fastest-Growing Economy. We have also compiled a full free list of the 20 U.S. States with the Fastest-Growing Economies. Navigating Global Economic Challenges Post-COVID-19: Insights and Trends Post the COVID-19 pandemic, the global economy is currently in a recovery phase after [â€¦]"
2,20240630103000,"Halfway Into 2024: 2 Underperforming ""Magnificent Seven"" Stocks to Buy Before They Take Off",https://finnhub.io/api/news?id=6fd638901fc7168ed0624e8e628813ea1c5d10d7820df161c59e4d87d5aa0b62,Yahoo,Emerging opportunities in artificial intelligence are major catalysts for these market leaders.
3,20240630103000,2024 Q3: Stay Invested In Big Tech But Watch For Weak Breadth,https://finnhub.io/api/news?id=b33d00b5e91579ee1256ba5af0e5d5415ba5acfe9cf42c78640a973b1755d374,SeekingAlpha,"With the economy expected to slow and legacy automakers catching up, pure-play EV investors must brace for more pain. Check out my thoughts."
4,20240630110000,Monthly Options Series: Earn A Potentially Consistent 10% Income (July 2024),https://finnhub.io/api/news?id=cbd5d54294dda10f2481d124664a2611610959a44ad3a0339c29b5c532eee594,SeekingAlpha,"In this monthly series, we present how to select the right kind of stocks for options income. Click here for the two lists of 10 stocks with multiple scenarios."
5,20240630110000,3 Things To Watch Out For In The June 2024 Jobs Report,https://finnhub.io/api/news?id=96cdf9ef3b790b8d4a4e291ac1c8f29c0aa180127649503e7c030170a5002e4a,SeekingAlpha,"Markets are near an all-time high, negating the relevance of the NFP report. Investors should expect job increases in the upcoming report. Read more here."
6,20240630120140,Why Nvidia stock is now in treacherous waters: Morning Brief,https://finnhub.io/api/news?id=41c8f3e784b4fc6625698071bd134d0af879bb7d375a11f59c0ea2bf65ed8e93,Yahoo,Nvidia shares feel ready to crumble under the weight of investors' insane expectations. Investors are getting an idea of what this could look like.
7,20240630123000,Prediction: Apple Will Be the World's First $4 Trillion Company,https://finnhub.io/api/news?id=40ea178983181027679b87c878f0991dbec67810ff54de96036d04b3b0ad803c,Yahoo,Apple Intelligence may drive a new upgrade cycle for iPhones.
8,20240630130644,PayPal: Advise Caution Given The Shift From An Innovator To A Commodity Service Provider,https://finnhub.io/api/news?id=f3143754cb59012826272e740825fd3a83681e4fad925eeed9a23e4cbf297704,SeekingAlpha,PayPal shares have dropped significantly in the past few years due to changes in outlook and high multiples. See why I rate PYPL stock a Hold.
9,20240630143222,June jobs report ushers in new quarter during holiday-shortened trading week: What to know this week,https://finnhub.io/api/news?id=2b92da1bb668cc53f459d2c33dc693c39844445027d25e88003a623c3371fdf8,Yahoo,Stocks enter the second half of the year near record highs as a crucial week of labor market data is set to greet investors.
